{"cameraMode":{"drawMode":0,"name":"Shaded","section":"Shading Mode"},"sceneLighting":false,"audioPlay":false,"sceneViewState":{"m_AlwaysRefresh":true,"showFog":true,"showSkybox":false,"showFlares":true,"showImageEffects":true,"showParticleSystems":true,"showVisualEffectGraphs":true,"m_FxEnabled":true},"in2DMode":false,"pivot":{"x":-0.02868419885635376,"y":6.105322360992432,"z":0.0011143684387207032},"rotation":{"x":-0.005101737566292286,"y":-0.001501384424045682,"z":-0.0000033877738587761998,"w":1.0000040531158448},"size":2.3136653900146486,"orthographic":false}