{"cameraMode":{"drawMode":0,"name":"Shaded","section":"Shading Mode"},"sceneLighting":false,"audioPlay":false,"sceneViewState":{"m_AlwaysRefresh":true,"showFog":true,"showSkybox":false,"showFlares":true,"showImageEffects":true,"showParticleSystems":true,"showVisualEffectGraphs":true,"m_FxEnabled":true},"in2DMode":false,"pivot":{"x":1.1212581396102906,"y":6.132926940917969,"z":0.4657001495361328},"rotation":{"x":0.027888089418411256,"y":-0.022491106763482095,"z":0.0006319426465779543,"w":0.9993768334388733},"size":1.4136654138565064,"orthographic":false}