{"cameraMode":{"drawMode":0,"name":"Shaded","section":"Shading Mode"},"sceneLighting":false,"audioPlay":false,"sceneViewState":{"m_AlwaysRefresh":true,"showFog":true,"showSkybox":false,"showFlares":true,"showImageEffects":true,"showParticleSystems":true,"showVisualEffectGraphs":true,"m_FxEnabled":true},"in2DMode":false,"pivot":{"x":-0.01718549244105816,"y":2.2545464038848879,"z":-0.02311229705810547},"rotation":{"x":-0.005101737566292286,"y":-0.001501384424045682,"z":-0.0000033877738587761998,"w":1.0000040531158448},"size":4.166025161743164,"orthographic":false}