{"cameraMode":{"drawMode":0,"name":"Shaded","section":"Shading Mode"},"sceneLighting":false,"audioPlay":false,"sceneViewState":{"m_AlwaysRefresh":true,"showFog":true,"showSkybox":false,"showFlares":true,"showImageEffects":true,"showParticleSystems":true,"showVisualEffectGraphs":true,"m_FxEnabled":true},"in2DMode":false,"pivot":{"x":-0.0172431617975235,"y":6.0666184425354,"z":0.000006198883056640625},"rotation":{"x":0.0008983536390587688,"y":0.0074988133274018768,"z":-0.0000024910336833272597,"w":0.9999901056289673},"size":2.082927942276001,"orthographic":false}