{"cameraMode":{"drawMode":0,"name":"Shaded","section":"Shading Mode"},"sceneLighting":false,"audioPlay":false,"sceneViewState":{"m_AlwaysRefresh":true,"showFog":true,"showSkybox":false,"showFlares":true,"showImageEffects":true,"showParticleSystems":true,"showVisualEffectGraphs":true,"m_FxEnabled":true},"in2DMode":false,"pivot":{"x":0.6067311763763428,"y":5.993873596191406,"z":0.31972599029541018},"rotation":{"x":0.0023340433835983278,"y":0.23187285661697389,"z":-0.0005518108955584466,"w":0.972762405872345},"size":2.082927942276001,"orthographic":false}