{"cameraMode":{"drawMode":0,"name":"Shaded","section":"Shading Mode"},"sceneLighting":false,"audioPlay":false,"sceneViewState":{"m_AlwaysRefresh":true,"showFog":true,"showSkybox":false,"showFlares":true,"showImageEffects":true,"showParticleSystems":true,"showVisualEffectGraphs":true,"m_FxEnabled":true},"in2DMode":false,"pivot":{"x":-0.07256685942411423,"y":1.4280617237091065,"z":-0.5835412740707398},"rotation":{"x":0.009898249059915543,"y":-0.0015010663773864508,"z":0.000019216557120671496,"w":0.9999628067016602},"size":1.4660253524780274,"orthographic":false}