{"cameraMode":{"drawMode":0,"name":"Shaded","section":"Shading Mode"},"sceneLighting":true,"audioPlay":false,"sceneViewState":{"showFog":true,"showMaterialUpdate":true,"showSkybox":true,"showFlares":true,"showImageEffects":true,"showParticleSystems":true},"in2DMode":false,"pivot":{"x":2.6017072200775148,"y":3.781576156616211,"z":25.437889099121095},"rotation":{"x":-0.00510169705376029,"y":-0.007501182146370411,"z":-0.00003480048690107651,"w":0.9999688267707825},"size":17.440946578979493,"orthographic":false}