{"cameraMode":{"drawMode":0,"name":"Shaded","section":"Shading Mode"},"sceneLighting":false,"audioPlay":false,"sceneViewState":{"showFog":true,"showMaterialUpdate":true,"showSkybox":false,"showFlares":true,"showImageEffects":true,"showParticleSystems":true},"in2DMode":false,"pivot":{"x":0.7258937358856201,"y":2.0555686950683595,"z":0.23142528533935548},"rotation":{"x":0.06830178201198578,"y":0.0359075702726841,"z":-0.0024558319710195066,"w":0.9970282912254334},"size":5.707395553588867,"orthographic":false}