{"cameraMode":{"drawMode":0,"name":"Shaded","section":"Shading Mode"},"sceneLighting":false,"audioPlay":false,"sceneViewState":{"showFog":true,"showMaterialUpdate":true,"showSkybox":false,"showFlares":true,"showImageEffects":true,"showParticleSystems":true},"in2DMode":false,"pivot":{"x":0.8397241830825806,"y":6.063027858734131,"z":0.061153411865234378},"rotation":{"x":-0.020096801221370698,"y":-0.01949606090784073,"z":-0.00038994429633021355,"w":0.9996153116226196},"size":1.2277592420578004,"orthographic":false}