{"cameraMode":{"drawMode":0,"name":"Shaded","section":"Shading Mode"},"sceneLighting":true,"audioPlay":false,"sceneViewState":{"showFog":true,"showMaterialUpdate":true,"showSkybox":true,"showFlares":true,"showImageEffects":true,"showParticleSystems":true},"in2DMode":false,"pivot":{"x":-6.707476615905762,"y":-8.306842803955079,"z":21.356056213378908},"rotation":{"x":0.2251175194978714,"y":-0.05258522555232048,"z":0.012172290123999119,"w":0.972847580909729},"size":18.815710067749025,"orthographic":false}