{"cameraMode":{"drawMode":0,"name":"Shaded","section":"Shading Mode"},"sceneLighting":true,"audioPlay":false,"sceneViewState":{"showFog":true,"showMaterialUpdate":true,"showSkybox":true,"showFlares":true,"showImageEffects":true,"showParticleSystems":true},"in2DMode":false,"pivot":{"x":-0.7142056226730347,"y":4.94216251373291,"z":0.7335596084594727},"rotation":{"x":0.06830178201198578,"y":0.0359075702726841,"z":-0.0024558319710195066,"w":0.9970282912254334},"size":7.244753360748291,"orthographic":false}