{"cameraMode":{"drawMode":0,"name":"Shaded","section":"Shading Mode"},"sceneLighting":true,"audioPlay":false,"sceneViewState":{"showFog":true,"showMaterialUpdate":true,"showSkybox":true,"showFlares":true,"showImageEffects":true,"showParticleSystems":true},"in2DMode":false,"pivot":{"x":0.08480596542358399,"y":1.5215673446655274,"z":25.994564056396486},"rotation":{"x":0.06830178201198578,"y":0.0359075702726841,"z":-0.0024558319710195066,"w":0.9970282912254334},"size":20.257734298706056,"orthographic":false}