{"cameraMode":{"drawMode":0,"name":"Shaded","section":"Shading Mode"},"sceneLighting":false,"audioPlay":false,"sceneViewState":{"showFog":true,"showMaterialUpdate":true,"showSkybox":false,"showFlares":true,"showImageEffects":true,"showParticleSystems":true},"in2DMode":false,"pivot":{"x":0.015113674104213715,"y":2.8685667514801027,"z":-6.387094974517822},"rotation":{"x":-0.044083792716264728,"y":0.013486656360328198,"z":0.0005954023217782378,"w":0.9989384412765503},"size":2.066025495529175,"orthographic":false}