{"cameraMode":{"drawMode":0,"name":"Shaded","section":"Shading Mode"},"sceneLighting":true,"audioPlay":false,"sceneViewState":{"showFog":true,"showMaterialUpdate":true,"showSkybox":true,"showFlares":true,"showImageEffects":true,"showParticleSystems":true},"in2DMode":false,"pivot":{"x":0.7227617502212524,"y":-2.7309789657592775,"z":24.750274658203126},"rotation":{"x":0.11910006403923035,"y":-0.016382765024900438,"z":0.001969404285773635,"w":0.9927576184272766},"size":18.815710067749025,"orthographic":false}