{"cameraMode":{"drawMode":0,"name":"Shaded","section":"Shading Mode"},"sceneLighting":true,"audioPlay":false,"sceneViewState":{"showFog":true,"showMaterialUpdate":true,"showSkybox":true,"showFlares":true,"showImageEffects":true,"showParticleSystems":true},"in2DMode":false,"pivot":{"x":-0.25364989042282107,"y":3.5470263957977297,"z":0.06949234008789063},"rotation":{"x":0.009898249059915543,"y":-0.0015010663773864508,"z":0.000019216557120671496,"w":0.9999628067016602},"size":5.107395172119141,"orthographic":false}