{"cameraMode":{"drawMode":0,"name":"Shaded","section":"Shading Mode"},"sceneLighting":false,"audioPlay":false,"sceneViewState":{"showFog":true,"showMaterialUpdate":true,"showSkybox":false,"showFlares":true,"showImageEffects":true,"showParticleSystems":true},"in2DMode":false,"pivot":{"x":-0.01886843889951706,"y":6.512502193450928,"z":2.0162267684936525},"rotation":{"x":0.0008981286082416773,"y":0.014998476952314377,"z":-0.000010270552593283355,"w":0.9998978972434998},"size":1.7916994094848633,"orthographic":false}