{"cameraMode":{"drawMode":0,"name":"Shaded","section":"Shading Mode"},"sceneLighting":true,"audioPlay":false,"sceneViewState":{"showFog":true,"showMaterialUpdate":true,"showSkybox":true,"showFlares":true,"showImageEffects":true,"showParticleSystems":true},"in2DMode":false,"pivot":{"x":0.3645603656768799,"y":3.733314275741577,"z":2.7189369201660158},"rotation":{"x":0.006897109095007181,"y":0.019497420638799669,"z":-0.00013014418072998524,"w":0.9997991919517517},"size":5.381158828735352,"orthographic":false}