{"cameraMode":{"drawMode":0,"name":"Shaded","section":"Shading Mode"},"sceneLighting":true,"audioPlay":false,"sceneViewState":{"showFog":true,"showMaterialUpdate":true,"showSkybox":true,"showFlares":true,"showImageEffects":true,"showParticleSystems":true},"in2DMode":false,"pivot":{"x":1.0189374685287476,"y":4.627820014953613,"z":24.87283706665039},"rotation":{"x":0.005398228298872709,"y":-0.0000013472786122292746,"z":0.0000030905632684152808,"w":0.9999948740005493},"size":16.68990135192871,"orthographic":false}