{"cameraMode":{"drawMode":0,"name":"Shaded","section":"Shading Mode"},"sceneLighting":false,"audioPlay":false,"sceneViewState":{"showFog":true,"showMaterialUpdate":true,"showSkybox":false,"showFlares":true,"showImageEffects":true,"showParticleSystems":true},"in2DMode":false,"pivot":{"x":-0.15261679887771607,"y":0.40786612033843996,"z":2.817105293273926},"rotation":{"x":0.020397141575813295,"y":-0.0015007526380941272,"z":0.00003471540185273625,"w":0.9998037815093994},"size":2.645118474960327,"orthographic":false}