{"cameraMode":{"drawMode":0,"name":"Shaded","section":"Shading Mode"},"sceneLighting":false,"audioPlay":false,"sceneViewState":{"m_AlwaysRefresh":true,"showFog":true,"showSkybox":false,"showFlares":true,"showImageEffects":true,"showParticleSystems":true,"showVisualEffectGraphs":true,"m_FxEnabled":true},"in2DMode":false,"pivot":{"x":0.2783302664756775,"y":0.609516441822052,"z":-0.5081683397293091},"rotation":{"x":0.01739693433046341,"y":0.008997554890811444,"z":-0.0001517518685432151,"w":0.9998214244842529},"size":0.9163734316825867,"orthographic":false}