{"cameraMode":{"drawMode":0,"name":"Shaded","section":"Shading Mode"},"sceneLighting":true,"audioPlay":false,"sceneViewState":{"m_AlwaysRefresh":true,"showFog":true,"showSkybox":true,"showFlares":true,"showImageEffects":true,"showParticleSystems":true,"showVisualEffectGraphs":true,"m_FxEnabled":true},"in2DMode":false,"pivot":{"x":-0.9383201003074646,"y":3.5853021144866945,"z":1.8108930587768555},"rotation":{"x":0.03239325433969498,"y":0.0014980064006522298,"z":-0.000045298318582354113,"w":0.9994926452636719},"size":5.662039756774902,"orthographic":false}