{"cameraMode":{"drawMode":0,"name":"Shaded","section":"Shading Mode"},"sceneLighting":true,"audioPlay":false,"sceneViewState":{"m_AlwaysRefresh":true,"showFog":true,"showSkybox":true,"showFlares":true,"showImageEffects":true,"showParticleSystems":true,"showVisualEffectGraphs":true,"m_FxEnabled":true},"in2DMode":false,"pivot":{"x":0.7455864548683167,"y":3.9735114574432375,"z":1.6806468963623047},"rotation":{"x":0.005398409906774759,"y":-0.0015013260999694467,"z":0.000011370399988663848,"w":1.0000026226043702},"size":6.944303512573242,"orthographic":false}