{"cameraMode":{"drawMode":0,"name":"Shaded","section":"Shading Mode"},"sceneLighting":true,"audioPlay":false,"sceneViewState":{"m_AlwaysRefresh":true,"showFog":true,"showSkybox":true,"showFlares":true,"showImageEffects":true,"showParticleSystems":true,"showVisualEffectGraphs":true,"m_FxEnabled":true},"in2DMode":false,"pivot":{"x":0.5411103963851929,"y":3.1086974143981935,"z":-0.5456786155700684},"rotation":{"x":0.0038983961567282678,"y":-0.0015014134114608169,"z":0.000009520659659756348,"w":1.0000101327896119},"size":3.859952688217163,"orthographic":false}