{"cameraMode":{"drawMode":0,"name":"Shaded","section":"Shading Mode"},"sceneLighting":true,"audioPlay":false,"sceneViewState":{"m_AlwaysRefresh":true,"showFog":true,"showSkybox":true,"showFlares":true,"showImageEffects":true,"showParticleSystems":true,"showVisualEffectGraphs":true,"m_FxEnabled":true},"in2DMode":false,"pivot":{"x":0.6973264217376709,"y":3.2751858234405519,"z":-0.7397804260253906},"rotation":{"x":-0.005101737566292286,"y":-0.001501384424045682,"z":-0.0000033877738587761998,"w":1.0000040531158448},"size":4.232423782348633,"orthographic":false}