{"cameraMode":{"drawMode":0,"name":"Shaded","section":"Shading Mode"},"sceneLighting":true,"audioPlay":false,"sceneViewState":{"m_AlwaysRefresh":true,"showFog":true,"showSkybox":true,"showFlares":true,"showImageEffects":true,"showParticleSystems":true,"showVisualEffectGraphs":true,"m_FxEnabled":true},"in2DMode":false,"pivot":{"x":-0.456676721572876,"y":2.807948350906372,"z":7.7166852951049809},"rotation":{"x":0.057866960763931277,"y":-0.002996156457811594,"z":0.00017494781059212983,"w":0.9983394742012024},"size":8.167936325073243,"orthographic":false}